{
  "length": {
    "count": 1000.0,
    "mean": 14.284,
    "std": 0.6751294689167403,
    "min": 12.0,
    "25%": 14.0,
    "50%": 14.0,
    "75%": 15.0,
    "max": 15.0
  },
  "entropy": {
    "count": 1000.0,
    "mean": 3.627789589189246,
    "std": 0.19233332705541212,
    "min": 3.182005814760214,
    "25%": 3.521640636343319,
    "50%": 3.521640636343319,
    "75%": 3.773557262275185,
    "max": 3.906890595608518
  }
}